mst	mst_ecoli
mst	mst_ypestis
mst	mst_styphimurium
mst	mst_bsuis
cbs	cbs_saureus
cse	cse_bsubtilis
cyd	cyd_kpneumoniae
metC	metC_ecoli
cysM	cysM_ecoli
cysK	cysK_ecoli
malY	malY_ecoli
yhaO	yhaO_ecoli
yhaM	yhaM_ecoli
decR	decR_ecoli
iscS	iscS_ecoli
fn1220	fn1220_fnucleatum
fn1419	fn1419_fnucleatum
fn1055	fn1055_fnucleatum
fn0625	fn0625_fnucleatum
mgl	mgl_pgingivalis
mgl	mgl_tdenticola
tnaA	tnaA_ecoli
